"","Ring","AlphaSx","EaSx","kMSx","kMO2"
"1",1,30591863883.2017,74.5697745050821,1.50802225175333e-09,0.00531023418009244
"2",2,45109901534.3276,75.4104678386545,1.3889874049122e-09,0.0315467419205863
"3",3,29668036696.7866,73.9989748673562,2.63834287393068e-09,0.0214090317538131
"4",4,17636017068.0465,69.2689835422767,9.81876323793333e-09,0.38716643862137
"5",5,224242893129.293,79.1205104036468,1.51970020721953e-09,0.000915850966468896
"6",6,194510321093.123,78.6677687071773,3.5436407754573e-08,0.000221450062708808
